{
    "accuracy": 0.324,
    "precision": 0.3259976199553042,
    "recall": 0.32067551931677574,
    "f1_score": 0.32094888768037044,
    "confusion_matrix": [
        [
            39,
            11,
            15,
            1,
            9,
            0,
            3,
            0,
            19,
            5
        ],
        [
            13,
            46,
            4,
            2,
            0,
            0,
            1,
            2,
            7,
            37
        ],
        [
            8,
            2,
            27,
            6,
            19,
            6,
            22,
            6,
            2,
            1
        ],
        [
            3,
            5,
            8,
            29,
            7,
            13,
            7,
            12,
            4,
            4
        ],
        [
            9,
            0,
            33,
            9,
            20,
            5,
            8,
            11,
            3,
            1
        ],
        [
            0,
            2,
            18,
            13,
            7,
            20,
            5,
            15,
            1,
            4
        ],
        [
            6,
            0,
            16,
            22,
            12,
            10,
            33,
            5,
            3,
            0
        ],
        [
            1,
            0,
            11,
            5,
            27,
            13,
            3,
            36,
            0,
            6
        ],
        [
            30,
            28,
            2,
            1,
            4,
            0,
            0,
            3,
            22,
            9
        ],
        [
            8,
            17,
            2,
            3,
            1,
            1,
            1,
            1,
            17,
            52
        ]
    ]
}