{
    "accuracy": 0.333,
    "precision": 0.33743736759589404,
    "recall": 0.3305135418446544,
    "f1_score": 0.33177322419235317,
    "confusion_matrix": [
        [
            38,
            11,
            17,
            0,
            7,
            0,
            2,
            0,
            22,
            5
        ],
        [
            11,
            48,
            4,
            2,
            0,
            0,
            1,
            2,
            9,
            35
        ],
        [
            7,
            2,
            31,
            1,
            19,
            8,
            19,
            8,
            3,
            1
        ],
        [
            2,
            5,
            10,
            27,
            10,
            12,
            7,
            11,
            4,
            4
        ],
        [
            11,
            0,
            29,
            7,
            15,
            8,
            11,
            12,
            3,
            3
        ],
        [
            0,
            2,
            16,
            10,
            8,
            27,
            6,
            10,
            2,
            4
        ],
        [
            7,
            0,
            15,
            23,
            8,
            8,
            36,
            6,
            4,
            0
        ],
        [
            1,
            0,
            14,
            5,
            30,
            12,
            2,
            33,
            0,
            5
        ],
        [
            31,
            25,
            2,
            1,
            3,
            0,
            0,
            1,
            28,
            8
        ],
        [
            8,
            19,
            2,
            3,
            0,
            3,
            1,
            1,
            16,
            50
        ]
    ]
}