{
    "accuracy": 0.363,
    "precision": 0.36748507225180577,
    "recall": 0.3593427923275548,
    "f1_score": 0.36044430322026433,
    "confusion_matrix": [
        [
            48,
            12,
            10,
            0,
            6,
            0,
            4,
            0,
            19,
            3
        ],
        [
            6,
            51,
            3,
            2,
            0,
            0,
            0,
            2,
            6,
            42
        ],
        [
            13,
            1,
            29,
            7,
            14,
            7,
            19,
            4,
            4,
            1
        ],
        [
            1,
            6,
            9,
            29,
            11,
            10,
            10,
            10,
            4,
            2
        ],
        [
            11,
            0,
            25,
            13,
            23,
            3,
            4,
            13,
            7,
            0
        ],
        [
            0,
            1,
            18,
            14,
            9,
            23,
            4,
            15,
            0,
            1
        ],
        [
            7,
            0,
            10,
            26,
            11,
            4,
            37,
            6,
            6,
            0
        ],
        [
            3,
            0,
            7,
            5,
            28,
            9,
            6,
            41,
            0,
            3
        ],
        [
            27,
            22,
            4,
            2,
            3,
            0,
            0,
            1,
            32,
            8
        ],
        [
            13,
            15,
            4,
            4,
            0,
            1,
            0,
            1,
            15,
            50
        ]
    ]
}