{
    "accuracy": 0.349,
    "precision": 0.3519468113329887,
    "recall": 0.34634907655868713,
    "f1_score": 0.34701248683827884,
    "confusion_matrix": [
        [
            41,
            10,
            17,
            1,
            8,
            0,
            4,
            1,
            16,
            4
        ],
        [
            7,
            47,
            4,
            4,
            0,
            1,
            0,
            3,
            5,
            41
        ],
        [
            13,
            1,
            31,
            3,
            14,
            7,
            21,
            6,
            2,
            1
        ],
        [
            2,
            6,
            6,
            27,
            11,
            11,
            12,
            12,
            2,
            3
        ],
        [
            9,
            0,
            29,
            10,
            21,
            9,
            6,
            11,
            4,
            0
        ],
        [
            0,
            1,
            14,
            10,
            13,
            27,
            4,
            16,
            0,
            0
        ],
        [
            5,
            0,
            14,
            22,
            12,
            10,
            36,
            5,
            3,
            0
        ],
        [
            2,
            0,
            6,
            6,
            29,
            12,
            6,
            37,
            0,
            4
        ],
        [
            27,
            26,
            3,
            4,
            4,
            0,
            0,
            3,
            26,
            6
        ],
        [
            11,
            13,
            2,
            3,
            1,
            1,
            0,
            3,
            13,
            56
        ]
    ]
}