{
    "accuracy": 0.327,
    "precision": 0.33017180412825564,
    "recall": 0.3242871856050507,
    "f1_score": 0.3258587293319992,
    "confusion_matrix": [
        [
            45,
            9,
            13,
            0,
            9,
            0,
            4,
            2,
            16,
            4
        ],
        [
            9,
            45,
            3,
            5,
            1,
            0,
            2,
            2,
            7,
            38
        ],
        [
            13,
            1,
            20,
            7,
            12,
            7,
            28,
            8,
            2,
            1
        ],
        [
            2,
            2,
            9,
            23,
            12,
            14,
            6,
            19,
            2,
            3
        ],
        [
            9,
            0,
            28,
            9,
            20,
            7,
            10,
            12,
            2,
            2
        ],
        [
            0,
            2,
            10,
            10,
            10,
            25,
            10,
            16,
            0,
            2
        ],
        [
            5,
            0,
            15,
            25,
            12,
            7,
            32,
            6,
            5,
            0
        ],
        [
            1,
            0,
            11,
            6,
            28,
            12,
            3,
            36,
            0,
            5
        ],
        [
            24,
            21,
            1,
            4,
            5,
            0,
            0,
            4,
            34,
            6
        ],
        [
            15,
            13,
            1,
            4,
            0,
            2,
            2,
            3,
            16,
            47
        ]
    ]
}