{
    "accuracy": 0.344,
    "precision": 0.34919084172537573,
    "recall": 0.34096084718217634,
    "f1_score": 0.34336515978195065,
    "confusion_matrix": [
        [
            48,
            11,
            8,
            0,
            6,
            0,
            4,
            1,
            19,
            5
        ],
        [
            8,
            48,
            2,
            7,
            0,
            0,
            1,
            4,
            8,
            34
        ],
        [
            11,
            2,
            24,
            9,
            14,
            9,
            18,
            7,
            4,
            1
        ],
        [
            1,
            4,
            9,
            24,
            16,
            12,
            11,
            9,
            2,
            4
        ],
        [
            12,
            1,
            32,
            11,
            15,
            5,
            5,
            13,
            3,
            2
        ],
        [
            0,
            1,
            15,
            7,
            11,
            28,
            10,
            13,
            0,
            0
        ],
        [
            5,
            1,
            14,
            29,
            13,
            2,
            37,
            4,
            2,
            0
        ],
        [
            1,
            0,
            13,
            6,
            25,
            9,
            5,
            38,
            1,
            4
        ],
        [
            29,
            24,
            2,
            1,
            5,
            1,
            0,
            2,
            30,
            5
        ],
        [
            8,
            13,
            1,
            5,
            3,
            1,
            1,
            4,
            15,
            52
        ]
    ]
}