{
    "accuracy": 0.333,
    "precision": 0.3374504746802465,
    "recall": 0.3301431831789118,
    "f1_score": 0.3322257090746965,
    "confusion_matrix": [
        [
            42,
            11,
            10,
            0,
            7,
            0,
            3,
            0,
            22,
            7
        ],
        [
            7,
            48,
            2,
            4,
            0,
            2,
            3,
            4,
            8,
            34
        ],
        [
            11,
            2,
            25,
            6,
            14,
            9,
            18,
            9,
            4,
            1
        ],
        [
            1,
            5,
            6,
            23,
            16,
            13,
            9,
            12,
            2,
            5
        ],
        [
            12,
            1,
            32,
            10,
            15,
            4,
            7,
            13,
            3,
            2
        ],
        [
            0,
            1,
            13,
            8,
            11,
            28,
            8,
            13,
            0,
            3
        ],
        [
            5,
            1,
            14,
            31,
            12,
            2,
            36,
            5,
            1,
            0
        ],
        [
            2,
            0,
            15,
            5,
            25,
            7,
            2,
            42,
            0,
            4
        ],
        [
            32,
            25,
            2,
            1,
            4,
            1,
            0,
            1,
            28,
            5
        ],
        [
            7,
            18,
            3,
            4,
            2,
            2,
            1,
            4,
            16,
            46
        ]
    ]
}