{
    "accuracy": 0.356,
    "precision": 0.3554452487756516,
    "recall": 0.35523702430317006,
    "f1_score": 0.3527568480969851,
    "confusion_matrix": [
        [
            55,
            5,
            2,
            1,
            4,
            0,
            4,
            6,
            17,
            8
        ],
        [
            12,
            24,
            8,
            0,
            0,
            4,
            7,
            2,
            33,
            22
        ],
        [
            10,
            6,
            29,
            5,
            16,
            6,
            21,
            4,
            1,
            1
        ],
        [
            1,
            6,
            8,
            21,
            10,
            22,
            8,
            7,
            2,
            7
        ],
        [
            4,
            0,
            19,
            8,
            40,
            5,
            1,
            16,
            6,
            0
        ],
        [
            0,
            4,
            17,
            15,
            5,
            28,
            1,
            8,
            0,
            7
        ],
        [
            0,
            6,
            12,
            11,
            14,
            5,
            49,
            3,
            6,
            1
        ],
        [
            4,
            2,
            6,
            3,
            30,
            15,
            0,
            40,
            0,
            2
        ],
        [
            20,
            23,
            0,
            0,
            4,
            0,
            0,
            5,
            37,
            10
        ],
        [
            18,
            19,
            2,
            3,
            1,
            4,
            0,
            5,
            18,
            33
        ]
    ]
}