{
    "accuracy": 0.387,
    "precision": 0.381295835616591,
    "recall": 0.3859238509776137,
    "f1_score": 0.38189932151222433,
    "confusion_matrix": [
        [
            60,
            3,
            4,
            1,
            2,
            0,
            6,
            3,
            17,
            6
        ],
        [
            9,
            24,
            5,
            2,
            0,
            3,
            10,
            2,
            33,
            24
        ],
        [
            9,
            3,
            36,
            6,
            12,
            6,
            20,
            3,
            3,
            1
        ],
        [
            0,
            7,
            5,
            28,
            5,
            25,
            9,
            5,
            1,
            7
        ],
        [
            4,
            0,
            28,
            17,
            24,
            3,
            1,
            18,
            4,
            0
        ],
        [
            1,
            6,
            13,
            16,
            6,
            31,
            0,
            10,
            0,
            2
        ],
        [
            1,
            4,
            9,
            15,
            4,
            7,
            61,
            1,
            3,
            2
        ],
        [
            8,
            2,
            3,
            5,
            28,
            12,
            1,
            42,
            0,
            1
        ],
        [
            22,
            27,
            3,
            0,
            1,
            0,
            0,
            5,
            34,
            7
        ],
        [
            18,
            13,
            0,
            2,
            1,
            4,
            0,
            3,
            15,
            47
        ]
    ]
}