{
    "accuracy": 0.364,
    "precision": 0.36664980852533313,
    "recall": 0.36309613170982546,
    "f1_score": 0.360378029240528,
    "confusion_matrix": [
        [
            64,
            4,
            3,
            0,
            3,
            0,
            2,
            5,
            17,
            4
        ],
        [
            16,
            29,
            4,
            6,
            0,
            2,
            7,
            1,
            34,
            13
        ],
        [
            9,
            2,
            33,
            8,
            15,
            5,
            24,
            3,
            0,
            0
        ],
        [
            2,
            2,
            7,
            24,
            11,
            28,
            5,
            5,
            1,
            7
        ],
        [
            6,
            0,
            32,
            9,
            32,
            1,
            2,
            14,
            2,
            1
        ],
        [
            1,
            5,
            16,
            13,
            7,
            31,
            0,
            6,
            0,
            6
        ],
        [
            0,
            5,
            17,
            10,
            11,
            5,
            55,
            2,
            0,
            2
        ],
        [
            6,
            1,
            3,
            7,
            37,
            14,
            0,
            32,
            0,
            2
        ],
        [
            21,
            27,
            2,
            2,
            2,
            0,
            0,
            6,
            34,
            5
        ],
        [
            21,
            18,
            1,
            14,
            1,
            0,
            0,
            5,
            13,
            30
        ]
    ]
}