{
    "accuracy": 0.353,
    "precision": 0.3544471012166525,
    "recall": 0.35158619944761677,
    "f1_score": 0.3471169882554826,
    "confusion_matrix": [
        [
            59,
            3,
            4,
            0,
            4,
            0,
            4,
            4,
            15,
            9
        ],
        [
            11,
            27,
            7,
            14,
            0,
            7,
            9,
            2,
            21,
            14
        ],
        [
            11,
            2,
            31,
            9,
            13,
            5,
            23,
            4,
            0,
            1
        ],
        [
            1,
            3,
            8,
            28,
            9,
            19,
            12,
            6,
            0,
            6
        ],
        [
            4,
            0,
            20,
            19,
            33,
            3,
            5,
            11,
            4,
            0
        ],
        [
            0,
            3,
            17,
            18,
            6,
            26,
            1,
            12,
            0,
            2
        ],
        [
            0,
            1,
            9,
            12,
            15,
            4,
            58,
            7,
            1,
            0
        ],
        [
            6,
            1,
            3,
            8,
            37,
            9,
            0,
            37,
            0,
            1
        ],
        [
            36,
            21,
            0,
            0,
            3,
            0,
            0,
            6,
            27,
            6
        ],
        [
            26,
            15,
            0,
            10,
            1,
            4,
            1,
            7,
            12,
            27
        ]
    ]
}