{
    "accuracy": 0.452,
    "precision": 0.4613172918260663,
    "recall": 0.449515558940422,
    "f1": 0.4502495107104908,
    "confusion_matrix": [
        [
            60,
            3,
            17,
            1,
            3,
            0,
            1,
            2,
            11,
            4
        ],
        [
            16,
            45,
            5,
            4,
            0,
            3,
            2,
            0,
            17,
            20
        ],
        [
            9,
            0,
            47,
            4,
            14,
            4,
            18,
            3,
            0,
            0
        ],
        [
            0,
            0,
            9,
            28,
            15,
            23,
            8,
            6,
            0,
            3
        ],
        [
            8,
            0,
            18,
            8,
            33,
            3,
            4,
            22,
            3,
            0
        ],
        [
            1,
            0,
            14,
            16,
            6,
            37,
            3,
            8,
            0,
            0
        ],
        [
            0,
            1,
            9,
            17,
            6,
            6,
            64,
            4,
            0,
            0
        ],
        [
            4,
            0,
            14,
            4,
            23,
            8,
            1,
            48,
            0,
            0
        ],
        [
            33,
            15,
            3,
            0,
            1,
            0,
            0,
            4,
            38,
            5
        ],
        [
            15,
            13,
            0,
            4,
            0,
            0,
            0,
            2,
            17,
            52
        ]
    ]
}