{
    "accuracy": 0.451,
    "precision": 0.4611612798924396,
    "recall": 0.44790943193049576,
    "f1_score": 0.4490845643581025,
    "confusion_matrix": [
        [
            63,
            1,
            18,
            1,
            2,
            0,
            1,
            2,
            11,
            3
        ],
        [
            17,
            46,
            4,
            2,
            0,
            3,
            2,
            1,
            18,
            19
        ],
        [
            8,
            0,
            44,
            8,
            10,
            4,
            21,
            3,
            0,
            1
        ],
        [
            0,
            0,
            9,
            30,
            12,
            24,
            10,
            4,
            0,
            3
        ],
        [
            7,
            0,
            18,
            10,
            32,
            3,
            4,
            22,
            3,
            0
        ],
        [
            1,
            0,
            18,
            16,
            6,
            32,
            3,
            9,
            0,
            0
        ],
        [
            0,
            1,
            16,
            16,
            6,
            4,
            59,
            5,
            0,
            0
        ],
        [
            2,
            0,
            14,
            5,
            20,
            8,
            1,
            51,
            0,
            1
        ],
        [
            30,
            14,
            3,
            1,
            1,
            0,
            0,
            3,
            42,
            5
        ],
        [
            14,
            14,
            0,
            4,
            0,
            0,
            0,
            2,
            17,
            52
        ]
    ]
}