{
    "accuracy": 0.324,
    "precision": 0.3285202912681672,
    "recall": 0.3208590608947409,
    "f1_score": 0.32221160339865107,
    "confusion_matrix": [
        [
            36,
            12,
            16,
            1,
            8,
            0,
            4,
            1,
            20,
            4
        ],
        [
            10,
            50,
            5,
            2,
            0,
            0,
            0,
            2,
            7,
            36
        ],
        [
            10,
            2,
            28,
            3,
            18,
            6,
            22,
            7,
            2,
            1
        ],
        [
            1,
            5,
            9,
            29,
            11,
            12,
            7,
            10,
            4,
            4
        ],
        [
            9,
            0,
            31,
            6,
            19,
            6,
            8,
            15,
            4,
            1
        ],
        [
            0,
            2,
            19,
            13,
            11,
            22,
            6,
            7,
            1,
            4
        ],
        [
            5,
            0,
            16,
            24,
            10,
            8,
            31,
            9,
            4,
            0
        ],
        [
            0,
            0,
            11,
            5,
            34,
            13,
            2,
            32,
            1,
            4
        ],
        [
            32,
            25,
            2,
            4,
            3,
            0,
            0,
            1,
            24,
            8
        ],
        [
            7,
            19,
            3,
            2,
            0,
            3,
            1,
            1,
            14,
            53
        ]
    ]
}