{
    "accuracy": 0.312,
    "precision": 0.3180118878561776,
    "recall": 0.3099717323031855,
    "f1_score": 0.3114671536916675,
    "confusion_matrix": [
        [
            38,
            13,
            14,
            2,
            8,
            0,
            3,
            1,
            18,
            5
        ],
        [
            8,
            45,
            4,
            4,
            0,
            0,
            2,
            3,
            6,
            40
        ],
        [
            16,
            1,
            22,
            6,
            12,
            9,
            21,
            8,
            2,
            2
        ],
        [
            0,
            4,
            7,
            28,
            17,
            13,
            9,
            7,
            4,
            3
        ],
        [
            8,
            0,
            33,
            6,
            19,
            4,
            6,
            17,
            5,
            1
        ],
        [
            0,
            2,
            13,
            12,
            13,
            25,
            7,
            8,
            1,
            4
        ],
        [
            3,
            0,
            14,
            31,
            12,
            8,
            28,
            4,
            7,
            0
        ],
        [
            1,
            0,
            14,
            6,
            31,
            12,
            0,
            34,
            0,
            4
        ],
        [
            32,
            23,
            1,
            6,
            4,
            0,
            0,
            3,
            23,
            7
        ],
        [
            14,
            14,
            2,
            3,
            1,
            3,
            1,
            4,
            11,
            50
        ]
    ]
}