{
    "accuracy": 0.319,
    "precision": 0.3223755798693386,
    "recall": 0.31740855097805304,
    "f1_score": 0.3185223246449088,
    "confusion_matrix": [
        [
            42,
            13,
            14,
            1,
            5,
            0,
            3,
            0,
            22,
            2
        ],
        [
            7,
            42,
            5,
            2,
            0,
            0,
            2,
            3,
            8,
            43
        ],
        [
            16,
            1,
            23,
            4,
            13,
            9,
            21,
            8,
            2,
            2
        ],
        [
            0,
            5,
            6,
            26,
            17,
            14,
            11,
            7,
            2,
            4
        ],
        [
            8,
            0,
            33,
            6,
            17,
            5,
            6,
            18,
            5,
            1
        ],
        [
            0,
            2,
            12,
            12,
            11,
            27,
            7,
            8,
            2,
            4
        ],
        [
            3,
            0,
            13,
            30,
            10,
            8,
            29,
            7,
            7,
            0
        ],
        [
            1,
            0,
            12,
            7,
            28,
            13,
            4,
            33,
            1,
            3
        ],
        [
            26,
            24,
            4,
            5,
            2,
            0,
            0,
            3,
            30,
            5
        ],
        [
            9,
            15,
            7,
            4,
            0,
            3,
            1,
            3,
            11,
            50
        ]
    ]
}