{
    "accuracy": 0.339,
    "precision": 0.34911021234933676,
    "recall": 0.3370456517651106,
    "f1_score": 0.3397452025143975,
    "confusion_matrix": [
        [
            39,
            10,
            20,
            0,
            5,
            0,
            4,
            2,
            18,
            4
        ],
        [
            7,
            49,
            3,
            2,
            0,
            1,
            1,
            2,
            5,
            42
        ],
        [
            14,
            1,
            32,
            3,
            15,
            7,
            20,
            3,
            2,
            2
        ],
        [
            1,
            6,
            8,
            29,
            13,
            13,
            9,
            8,
            3,
            2
        ],
        [
            10,
            0,
            33,
            10,
            19,
            7,
            5,
            12,
            3,
            0
        ],
        [
            0,
            2,
            14,
            8,
            11,
            29,
            9,
            11,
            0,
            1
        ],
        [
            8,
            0,
            12,
            24,
            12,
            8,
            34,
            7,
            2,
            0
        ],
        [
            2,
            0,
            12,
            6,
            37,
            9,
            2,
            31,
            0,
            3
        ],
        [
            31,
            19,
            3,
            6,
            4,
            0,
            0,
            4,
            25,
            7
        ],
        [
            13,
            8,
            5,
            2,
            1,
            2,
            0,
            3,
            17,
            52
        ]
    ]
}