Model,Accuracy,Precision,Recall,F1-score
DecisionTree_Python,0.328,0.3324400617269256,0.32540189764010197,0.3267690500406868
DecisionTree_Sklearn,0.336,0.3432052086548195,0.33291754487749065,0.3356542768365668
