{
    "accuracy": 0.373,
    "precision": 0.3656906985609676,
    "recall": 0.37103537903444195,
    "f1_score": 0.36583586708227467,
    "confusion_matrix": [
        [
            61,
            6,
            6,
            0,
            5,
            1,
            6,
            3,
            10,
            4
        ],
        [
            6,
            24,
            14,
            4,
            0,
            8,
            5,
            1,
            27,
            23
        ],
        [
            9,
            2,
            27,
            7,
            13,
            6,
            32,
            2,
            1,
            0
        ],
        [
            0,
            2,
            7,
            22,
            11,
            24,
            11,
            7,
            0,
            8
        ],
        [
            5,
            0,
            16,
            21,
            31,
            2,
            2,
            15,
            7,
            0
        ],
        [
            0,
            3,
            16,
            12,
            6,
            30,
            3,
            9,
            0,
            6
        ],
        [
            0,
            1,
            3,
            13,
            17,
            5,
            64,
            1,
            3,
            0
        ],
        [
            5,
            2,
            3,
            5,
            29,
            12,
            1,
            44,
            0,
            1
        ],
        [
            24,
            23,
            2,
            2,
            5,
            0,
            0,
            6,
            28,
            9
        ],
        [
            18,
            13,
            2,
            5,
            0,
            5,
            0,
            6,
            12,
            42
        ]
    ]
}