{
    "accuracy": 0.38,
    "precision": 0.3840713741868561,
    "recall": 0.38029022478413127,
    "f1_score": 0.3788148887246584,
    "confusion_matrix": [
        [
            53,
            5,
            9,
            0,
            3,
            0,
            2,
            4,
            17,
            9
        ],
        [
            4,
            23,
            8,
            4,
            0,
            6,
            9,
            0,
            28,
            30
        ],
        [
            5,
            6,
            39,
            10,
            15,
            3,
            17,
            4,
            0,
            0
        ],
        [
            0,
            3,
            8,
            32,
            7,
            20,
            9,
            3,
            0,
            10
        ],
        [
            5,
            0,
            27,
            18,
            30,
            2,
            0,
            11,
            6,
            0
        ],
        [
            1,
            2,
            18,
            17,
            3,
            30,
            0,
            7,
            0,
            7
        ],
        [
            0,
            2,
            10,
            20,
            10,
            3,
            54,
            3,
            3,
            2
        ],
        [
            6,
            1,
            3,
            8,
            28,
            16,
            0,
            39,
            0,
            1
        ],
        [
            22,
            14,
            2,
            1,
            5,
            0,
            0,
            5,
            42,
            8
        ],
        [
            20,
            16,
            1,
            6,
            1,
            4,
            1,
            4,
            12,
            38
        ]
    ]
}