{
    "accuracy": 0.36,
    "precision": 0.3608768200180073,
    "recall": 0.3584942240565573,
    "f1_score": 0.3572567567751854,
    "confusion_matrix": [
        [
            56,
            9,
            6,
            0,
            5,
            0,
            2,
            3,
            15,
            6
        ],
        [
            8,
            26,
            9,
            3,
            0,
            5,
            7,
            0,
            33,
            21
        ],
        [
            10,
            3,
            27,
            10,
            12,
            7,
            27,
            2,
            1,
            0
        ],
        [
            0,
            5,
            8,
            24,
            8,
            16,
            16,
            4,
            1,
            10
        ],
        [
            4,
            0,
            27,
            15,
            34,
            2,
            1,
            11,
            5,
            0
        ],
        [
            0,
            4,
            12,
            15,
            9,
            26,
            1,
            7,
            0,
            11
        ],
        [
            0,
            3,
            17,
            12,
            13,
            2,
            54,
            1,
            5,
            0
        ],
        [
            7,
            1,
            2,
            5,
            29,
            17,
            0,
            40,
            0,
            1
        ],
        [
            20,
            23,
            2,
            0,
            3,
            0,
            0,
            4,
            39,
            8
        ],
        [
            15,
            12,
            2,
            4,
            1,
            1,
            0,
            8,
            26,
            34
        ]
    ]
}