{
    "accuracy": 0.37,
    "precision": 0.3704922134018819,
    "recall": 0.36983533400483826,
    "f1_score": 0.36550880173446293,
    "confusion_matrix": [
        [
            66,
            6,
            3,
            0,
            2,
            0,
            2,
            4,
            16,
            3
        ],
        [
            6,
            21,
            9,
            4,
            0,
            5,
            8,
            0,
            30,
            29
        ],
        [
            12,
            3,
            39,
            10,
            10,
            2,
            16,
            6,
            0,
            1
        ],
        [
            0,
            1,
            9,
            24,
            6,
            28,
            5,
            7,
            1,
            11
        ],
        [
            3,
            0,
            25,
            16,
            24,
            5,
            0,
            17,
            9,
            0
        ],
        [
            1,
            3,
            15,
            11,
            7,
            31,
            0,
            7,
            0,
            10
        ],
        [
            1,
            3,
            19,
            12,
            7,
            6,
            48,
            4,
            5,
            2
        ],
        [
            4,
            2,
            8,
            6,
            17,
            22,
            0,
            42,
            0,
            1
        ],
        [
            19,
            24,
            2,
            2,
            5,
            1,
            0,
            3,
            34,
            9
        ],
        [
            15,
            11,
            1,
            2,
            0,
            7,
            0,
            4,
            22,
            41
        ]
    ]
}